{"cameraMode":{"drawMode":0,"name":"Shaded","section":"Shading Mode"},"sceneLighting":false,"audioPlay":false,"sceneViewState":{"showFog":true,"showMaterialUpdate":false,"showSkybox":false,"showFlares":true,"showImageEffects":true,"showParticleSystems":true},"in2DMode":false,"pivot":{"x":-4.035053730010986,"y":0.32499995827674868,"z":2.0},"rotation":{"x":0.18780678510665894,"y":0.709370493888855,"z":-0.20575030148029328,"w":0.6474592685699463},"size":0.42982780933380129,"orthographic":false}