{"cameraMode":{"drawMode":0,"name":"Shaded","section":"Shading Mode"},"sceneLighting":true,"audioPlay":false,"sceneViewState":{"showFog":true,"showMaterialUpdate":false,"showSkybox":true,"showFlares":true,"showImageEffects":true,"showParticleSystems":true},"in2DMode":false,"pivot":{"x":12.203128814697266,"y":4.812505722045898,"z":-9.052547454833985},"rotation":{"x":-0.06329844146966934,"y":0.9271109104156494,"z":-0.3209910988807678,"w":-0.18282373249530793},"size":1.9215028285980225,"orthographic":false}