{"cameraMode":{"drawMode":0,"name":"Shaded","section":"Shading Mode"},"sceneLighting":false,"audioPlay":false,"sceneViewState":{"showFog":true,"showMaterialUpdate":false,"showSkybox":false,"showFlares":true,"showImageEffects":true,"showParticleSystems":true},"in2DMode":false,"pivot":{"x":-11940.142578125,"y":9.728717803955079,"z":25116.501953125},"rotation":{"x":0.11596398800611496,"y":0.18014517426490785,"z":0.02137671411037445,"w":-0.9765628576278687},"size":13.020621299743653,"orthographic":false}