{"cameraMode":{"drawMode":0,"name":"Shaded","section":"Shading Mode"},"sceneLighting":false,"audioPlay":false,"sceneViewState":{"showFog":true,"showMaterialUpdate":false,"showSkybox":false,"showFlares":true,"showImageEffects":true,"showParticleSystems":true},"in2DMode":false,"pivot":{"x":-2.28293514251709,"y":0.38301748037338259,"z":4.0},"rotation":{"x":0.282893568277359,"y":-0.0028809404466301204,"z":0.0008609196520410478,"w":0.9591534733772278},"size":1.0604523420333863,"orthographic":false}