{"cameraMode":{"drawMode":0,"name":"Shaded","section":"Shading Mode"},"sceneLighting":false,"audioPlay":false,"sceneViewState":{"showFog":true,"showMaterialUpdate":false,"showSkybox":false,"showFlares":true,"showImageEffects":true,"showParticleSystems":true},"in2DMode":false,"pivot":{"x":-11962.0400390625,"y":2.2799997329711916,"z":25109.189453125},"rotation":{"x":0.24711595475673676,"y":-0.060109760612249377,"z":-0.015376504510641098,"w":-0.9670190215110779},"size":3.7974636554718019,"orthographic":false}