{"cameraMode":{"drawMode":0,"name":"Shaded","section":"Shading Mode"},"sceneLighting":false,"audioPlay":false,"sceneViewState":{"showFog":true,"showMaterialUpdate":false,"showSkybox":false,"showFlares":true,"showImageEffects":true,"showParticleSystems":true},"in2DMode":false,"pivot":{"x":-0.0850970447063446,"y":4.103514194488525,"z":4.76837158203125e-7},"rotation":{"x":0.035683825612068179,"y":0.0009153987048193812,"z":0.000021700581783079542,"w":-0.9993740320205689},"size":4.345518112182617,"orthographic":false}