{"cameraMode":{"drawMode":0,"name":"Shaded","section":"Shading Mode"},"sceneLighting":false,"audioPlay":false,"sceneViewState":{"showFog":true,"showMaterialUpdate":false,"showSkybox":false,"showFlares":true,"showImageEffects":true,"showParticleSystems":true},"in2DMode":false,"pivot":{"x":-1.8659805059432984,"y":0.32148152589797976,"z":4.927000999450684},"rotation":{"x":0.282893568277359,"y":-0.0028809404466301204,"z":0.0008609196520410478,"w":0.9591534733772278},"size":0.7280594706535339,"orthographic":false}