{"cameraMode":{"drawMode":0,"name":"Shaded","section":"Shading Mode"},"sceneLighting":true,"audioPlay":false,"sceneViewState":{"showFog":true,"showMaterialUpdate":false,"showSkybox":true,"showFlares":true,"showImageEffects":true,"showParticleSystems":true},"in2DMode":false,"pivot":{"x":-12.09495735168457,"y":5.165827751159668,"z":-0.6254119873046875},"rotation":{"x":0.0790824219584465,"y":0.026331782341003419,"z":0.0020779925398528578,"w":-0.9965394735336304},"size":21.068429946899415,"orthographic":false}